effect,group,term,estimate,std.error,statistic,p.value
fixed,NA,(Intercept),-3.2904304245429032,0.13133772701810428,-25.05320062444307,1.6111242253466585e-138
fixed,NA,trend,-0.039430398120260744,0.10744871068650856,-0.36696948589083156,0.7136417792404394
fixed,NA,merlinpost,-0.11775473367380024,0.007182079664390477,-16.39563179139336,2.0549311289786096e-60
fixed,NA,audio_index,-0.18465932928657966,0.10298578896721305,-1.7930564123305255,0.07296390427983392
fixed,NA,merlinpost:audio_index,0.18962319935482902,0.012951295722601829,14.641253154609846,1.5321796333966118e-48
ran_pars,common_name,sd__(Intercept),1.3106798075025698,NA,NA,NA
ran_pars,Residual,sd__Observation,0.13917826676961903,NA,NA,NA
