effect,group,term,estimate,std.error,statistic,p.value
fixed,NA,(Intercept),-3.1944053415262417,0.12865866758580247,-24.828528084949216,4.411738785716384e-136
fixed,NA,trend,-0.05556742624432781,0.400229435547834,-0.13883892914639603,0.8895774308688793
fixed,NA,merlinpost,-0.08831346724757605,0.005628085457897653,-15.691564726269307,1.7274439034094054e-55
fixed,NA,audio_index,-0.08372264218669699,0.09769960582406113,-0.8569394060551886,0.39147837322209444
fixed,NA,merlinpost:audio_index,0.04986357610225784,0.008632860626614657,5.776020053947246,7.64882612702746e-9
ran_pars,common_name,sd__(Intercept),1.3712765047707087,NA,NA,NA
ran_pars,Residual,sd__Observation,0.15991320342056606,NA,NA,NA
