effect,group,term,estimate,std.error,statistic,p.value
fixed,NA,(Intercept),-2.9600906852122213,0.13828147011005326,-21.40627144661097,1.1679148062859737e-101
fixed,NA,Index,-0.028541143315793986,0.006605777179374003,-4.320633672735944,1.5558177386606735e-5
fixed,NA,merlinpost,-0.07168816771589613,0.009214134149009078,-7.780239201705755,7.238754723766277e-15
fixed,NA,audio_index,-0.3867329642673764,0.11384624795587782,-3.3969759321120394,6.813495937264666e-4
fixed,NA,merlinpost:audio_index,0.16468875304282465,0.013656386385631719,12.059467885010816,1.7289634512665386e-33
ran_pars,common_name,sd__(Intercept),1.23235379790655,NA,NA,NA
ran_pars,Residual,sd__Observation,0.15708728548447215,NA,NA,NA
