effect,group,term,estimate,std.error,statistic,p.value
fixed,NA,(Intercept),-3.202601128173929,0.12518666895559358,-25.582605199839296,2.3825773820637482e-144
fixed,NA,Index,-0.009599848633982064,0.00356223803093882,-2.694892522791927,0.007041133876590336
fixed,NA,merlinpost,-0.07900095774572513,0.006559876735128652,-12.04305521819775,2.109939286739688e-33
fixed,NA,audio_index,-0.0809404893448138,0.0976051934988474,-0.8292641655975982,0.40695494333939536
fixed,NA,merlinpost:audio_index,0.0477293595442974,0.008567323598825467,5.5710933518188614,2.5314563487763253e-8
ran_pars,common_name,sd__(Intercept),1.3701930279904486,NA,NA,NA
ran_pars,Residual,sd__Observation,0.1587085092800009,NA,NA,NA
